<?xml version="1.0" encoding="UTF-8"?>
<export version="D">
  <design>
    <source>F:\EEE3088F\IA2\IA2.sch</source>
    <date>2021/06/04 11:59:13</date>
    <tool>Eeschema (5.1.7)-1</tool>
    <sheet number="1" name="/" tstamps="/">
      <title_block>
        <title/>
        <company/>
        <rev/>
        <date/>
        <source>IA2.sch</source>
        <comment number="1" value=""/>
        <comment number="2" value=""/>
        <comment number="3" value=""/>
        <comment number="4" value=""/>
      </title_block>
    </sheet>
  </design>
  <components>
    <comp ref="U1">
      <value>LM324N</value>
      <footprint>footprints:LM324N</footprint>
      <libsource lib="LM324N" part="LM324N" description=""/>
      <sheetpath names="/" tstamps="/"/>
      <tstamp>60BC35B5</tstamp>
    </comp>
    <comp ref="R2">
      <value>1k</value>
      <footprint>Resistor_THT:R_Axial_DIN0204_L3.6mm_D1.6mm_P1.90mm_Vertical</footprint>
      <datasheet>~</datasheet>
      <libsource lib="Device" part="R_Small" description="Resistor, small symbol"/>
      <sheetpath names="/" tstamps="/"/>
      <tstamp>60BCC2F0</tstamp>
    </comp>
    <comp ref="R5">
      <value>2.2k</value>
      <footprint>Resistor_THT:R_Axial_DIN0204_L3.6mm_D1.6mm_P1.90mm_Vertical</footprint>
      <datasheet>~</datasheet>
      <libsource lib="Device" part="R_Small" description="Resistor, small symbol"/>
      <sheetpath names="/" tstamps="/"/>
      <tstamp>60BCE105</tstamp>
    </comp>
    <comp ref="RV1">
      <value>R_POT</value>
      <footprint>Potentiometer_THT:Potentiometer_ACP_CA9-V10_Vertical</footprint>
      <datasheet>~</datasheet>
      <libsource lib="Device" part="R_POT" description="Potentiometer"/>
      <sheetpath names="/" tstamps="/"/>
      <tstamp>60BD4173</tstamp>
    </comp>
    <comp ref="R6">
      <value>2.2k</value>
      <footprint>Resistor_THT:R_Axial_DIN0204_L3.6mm_D1.6mm_P1.90mm_Vertical</footprint>
      <datasheet>~</datasheet>
      <libsource lib="Device" part="R_Small" description="Resistor, small symbol"/>
      <sheetpath names="/" tstamps="/"/>
      <tstamp>60BD6970</tstamp>
    </comp>
    <comp ref="R9">
      <value>2.2k</value>
      <footprint>Resistor_THT:R_Axial_DIN0204_L3.6mm_D1.6mm_P1.90mm_Vertical</footprint>
      <datasheet>~</datasheet>
      <libsource lib="Device" part="R_Small" description="Resistor, small symbol"/>
      <sheetpath names="/" tstamps="/"/>
      <tstamp>60BD7ED8</tstamp>
    </comp>
    <comp ref="R12">
      <value>2.2k</value>
      <footprint>Resistor_THT:R_Axial_DIN0204_L3.6mm_D1.6mm_P1.90mm_Vertical</footprint>
      <datasheet>~</datasheet>
      <libsource lib="Device" part="R_Small" description="Resistor, small symbol"/>
      <sheetpath names="/" tstamps="/"/>
      <tstamp>60BDAE04</tstamp>
    </comp>
    <comp ref="BZ1">
      <value>535-8253</value>
      <footprint>Buzzer_Beeper:Buzzer_15x7.5RM7.6</footprint>
      <datasheet>~</datasheet>
      <libsource lib="Device" part="Buzzer" description="Buzzer, polarized"/>
      <sheetpath names="/" tstamps="/"/>
      <tstamp>60B7A64C</tstamp>
    </comp>
    <comp ref="D1">
      <value>LED-Y</value>
      <footprint>LED_SMD:LED_0402_1005Metric_Pad0.77x0.64mm_HandSolder</footprint>
      <datasheet>~</datasheet>
      <libsource lib="Device" part="LED" description="Light emitting diode"/>
      <sheetpath names="/" tstamps="/"/>
      <tstamp>60B7BD44</tstamp>
    </comp>
    <comp ref="D2">
      <value>LED-G</value>
      <footprint>LED_SMD:LED_0402_1005Metric_Pad0.77x0.64mm_HandSolder</footprint>
      <datasheet>~</datasheet>
      <libsource lib="Device" part="LED" description="Light emitting diode"/>
      <sheetpath names="/" tstamps="/"/>
      <tstamp>60B80252</tstamp>
    </comp>
    <comp ref="D3">
      <value>LED-R</value>
      <footprint>LED_SMD:LED_0402_1005Metric_Pad0.77x0.64mm_HandSolder</footprint>
      <datasheet>~</datasheet>
      <libsource lib="Device" part="LED" description="Light emitting diode"/>
      <sheetpath names="/" tstamps="/"/>
      <tstamp>60B80307</tstamp>
    </comp>
    <comp ref="R13">
      <value>100</value>
      <footprint>Resistor_THT:R_Axial_DIN0204_L3.6mm_D1.6mm_P1.90mm_Vertical</footprint>
      <datasheet>~</datasheet>
      <libsource lib="Device" part="R" description="Resistor"/>
      <sheetpath names="/" tstamps="/"/>
      <tstamp>60B853FA</tstamp>
    </comp>
    <comp ref="R14">
      <value>100</value>
      <footprint>Resistor_THT:R_Axial_DIN0204_L3.6mm_D1.6mm_P1.90mm_Vertical</footprint>
      <datasheet>~</datasheet>
      <libsource lib="Device" part="R" description="Resistor"/>
      <sheetpath names="/" tstamps="/"/>
      <tstamp>60B85C3D</tstamp>
    </comp>
    <comp ref="R15">
      <value>100</value>
      <footprint>Resistor_THT:R_Axial_DIN0204_L3.6mm_D1.6mm_P1.90mm_Vertical</footprint>
      <datasheet>~</datasheet>
      <libsource lib="Device" part="R" description="Resistor"/>
      <sheetpath names="/" tstamps="/"/>
      <tstamp>60B862B7</tstamp>
    </comp>
    <comp ref="SW4">
      <value>SW_Push</value>
      <footprint>footprintswitch:1825910-6</footprint>
      <datasheet>~</datasheet>
      <libsource lib="Switch" part="SW_Push" description="Push button switch, generic, two pins"/>
      <sheetpath names="/" tstamps="/"/>
      <tstamp>60B8703D</tstamp>
    </comp>
    <comp ref="SW2">
      <value>SW_Push</value>
      <footprint>footprintswitch:1825910-6</footprint>
      <datasheet>~</datasheet>
      <libsource lib="Switch" part="SW_Push" description="Push button switch, generic, two pins"/>
      <sheetpath names="/" tstamps="/"/>
      <tstamp>60B87CE2</tstamp>
    </comp>
    <comp ref="R8">
      <value>10k</value>
      <footprint>Resistor_THT:R_Axial_DIN0204_L3.6mm_D1.6mm_P1.90mm_Vertical</footprint>
      <datasheet>~</datasheet>
      <libsource lib="Device" part="R" description="Resistor"/>
      <sheetpath names="/" tstamps="/"/>
      <tstamp>60B89DFD</tstamp>
    </comp>
    <comp ref="R11">
      <value>10k</value>
      <footprint>Resistor_THT:R_Axial_DIN0204_L3.6mm_D1.6mm_P1.90mm_Vertical</footprint>
      <datasheet>~</datasheet>
      <libsource lib="Device" part="R" description="Resistor"/>
      <sheetpath names="/" tstamps="/"/>
      <tstamp>60B8A5C7</tstamp>
    </comp>
    <comp ref="R4">
      <value>10k</value>
      <footprint>Resistor_THT:R_Axial_DIN0204_L3.6mm_D1.6mm_P1.90mm_Vertical</footprint>
      <datasheet>~</datasheet>
      <libsource lib="Device" part="R" description="Resistor"/>
      <sheetpath names="/" tstamps="/"/>
      <tstamp>60B89DF7</tstamp>
    </comp>
    <comp ref="SW6">
      <value>SW_Push</value>
      <footprint>footprintswitch:1825910-6</footprint>
      <datasheet>~</datasheet>
      <libsource lib="Switch" part="SW_Push" description="Push button switch, generic, two pins"/>
      <sheetpath names="/" tstamps="/"/>
      <tstamp>60B87B67</tstamp>
    </comp>
    <comp ref="U2">
      <value>ADS7866</value>
      <footprint>footprintswitch:ADS7866IDBVT</footprint>
      <datasheet>http://www.ti.com/lit/ds/symlink/ads7866.pdf</datasheet>
      <libsource lib="Analog_ADC" part="ADS7866" description="Single Channel 12-bit ADC,  100-200ksps, SPI, micro-power, SOT-23-6"/>
      <sheetpath names="/" tstamps="/"/>
      <tstamp>60B8B8AE</tstamp>
    </comp>
    <comp ref="SW3">
      <value>SW_Push</value>
      <footprint>footprintswitch:1825910-6</footprint>
      <datasheet>~</datasheet>
      <libsource lib="Switch" part="SW_Push" description="Push button switch, generic, two pins"/>
      <sheetpath names="/" tstamps="/"/>
      <tstamp>60DF976F</tstamp>
    </comp>
    <comp ref="SW1">
      <value>SW_Push</value>
      <footprint>footprintswitch:1825910-6</footprint>
      <datasheet>~</datasheet>
      <libsource lib="Switch" part="SW_Push" description="Push button switch, generic, two pins"/>
      <sheetpath names="/" tstamps="/"/>
      <tstamp>60DF9775</tstamp>
    </comp>
    <comp ref="R7">
      <value>10k</value>
      <footprint>Resistor_THT:R_Axial_DIN0204_L3.6mm_D1.6mm_P1.90mm_Vertical</footprint>
      <datasheet>~</datasheet>
      <libsource lib="Device" part="R" description="Resistor"/>
      <sheetpath names="/" tstamps="/"/>
      <tstamp>60DF977B</tstamp>
    </comp>
    <comp ref="R10">
      <value>10k</value>
      <footprint>Resistor_THT:R_Axial_DIN0204_L3.6mm_D1.6mm_P1.90mm_Vertical</footprint>
      <datasheet>~</datasheet>
      <libsource lib="Device" part="R" description="Resistor"/>
      <sheetpath names="/" tstamps="/"/>
      <tstamp>60DF9781</tstamp>
    </comp>
    <comp ref="R3">
      <value>10k</value>
      <footprint>Resistor_THT:R_Axial_DIN0204_L3.6mm_D1.6mm_P1.90mm_Vertical</footprint>
      <datasheet>~</datasheet>
      <libsource lib="Device" part="R" description="Resistor"/>
      <sheetpath names="/" tstamps="/"/>
      <tstamp>60DF9787</tstamp>
    </comp>
    <comp ref="SW5">
      <value>SW_Push</value>
      <footprint>footprintswitch:1825910-6</footprint>
      <datasheet>~</datasheet>
      <libsource lib="Switch" part="SW_Push" description="Push button switch, generic, two pins"/>
      <sheetpath names="/" tstamps="/"/>
      <tstamp>60DF978D</tstamp>
    </comp>
    <comp ref="J1">
      <value>Connector-ML_RPi_GPIO</value>
      <footprint>Connector_Samtec_HLE_SMD-ML:Samtec_HLE-120-02-xxx-DV-BE-A_2x20_RPi_Top</footprint>
      <libsource lib="RPi_Zero_pHat_Template-cache1" part="Connector-ML_RPi_GPIO" description=""/>
      <sheetpath names="/" tstamps="/"/>
      <tstamp>60C0195C</tstamp>
    </comp>
    <comp ref="R16">
      <value>100</value>
      <footprint>Resistor_THT:R_Axial_DIN0204_L3.6mm_D1.6mm_P1.90mm_Vertical</footprint>
      <datasheet>~</datasheet>
      <libsource lib="Device" part="R" description="Resistor"/>
      <sheetpath names="/" tstamps="/"/>
      <tstamp>60C2B03A</tstamp>
    </comp>
    <comp ref="R17">
      <value>200</value>
      <footprint>Resistor_THT:R_Axial_DIN0204_L3.6mm_D1.6mm_P1.90mm_Vertical</footprint>
      <datasheet>~</datasheet>
      <libsource lib="Device" part="R" description="Resistor"/>
      <sheetpath names="/" tstamps="/"/>
      <tstamp>60C2BC25</tstamp>
    </comp>
    <comp ref="D4">
      <value>1N914</value>
      <footprint>Diode_THT:D_DO-35_SOD27_P7.62mm_Horizontal</footprint>
      <datasheet>http://www.vishay.com/docs/85622/1n914.pdf</datasheet>
      <libsource lib="Diode" part="1N914" description="100V 0.3A Small Signal Fast Switching Diode, DO-35"/>
      <sheetpath names="/" tstamps="/"/>
      <tstamp>60C2CAB9</tstamp>
    </comp>
    <comp ref="U3">
      <value>FDW2503NZ</value>
      <footprint>footprintswitch:FDW2503NZ</footprint>
      <libsource lib="2021-06-02_13-00-23" part="FDW2503NZ" description=""/>
      <sheetpath names="/" tstamps="/"/>
      <tstamp>60C38FB0</tstamp>
    </comp>
    <comp ref="L1">
      <value>B82464A4474K000</value>
      <footprint>IND_EPCOS_B82464A4_EPC</footprint>
      <libsource lib="2021-06-02_13-47-42" part="B82464A4474K000" description=""/>
      <sheetpath names="/" tstamps="/"/>
      <tstamp>60C3C742</tstamp>
    </comp>
    <comp ref="U4">
      <value>ADMP504ACEZ-RL</value>
      <footprint>footprintswitch:ADMP504ACEZ-RL</footprint>
      <libsource lib="2021-06-02_12-37-56" part="ADMP504ACEZ-RL" description=""/>
      <sheetpath names="/" tstamps="/"/>
      <tstamp>60C3D8AA</tstamp>
    </comp>
    <comp ref="C1">
      <value>LMK107BBJ226MA-T</value>
      <footprint>footprintswitch:LMK107BBJ226MA-T</footprint>
      <libsource lib="2021-06-02_13-25-42" part="LMK107BBJ226MA-T" description=""/>
      <sheetpath names="/" tstamps="/"/>
      <tstamp>60C3E367</tstamp>
    </comp>
    <comp ref="R1">
      <value>1k</value>
      <footprint>Resistor_THT:R_Axial_DIN0204_L3.6mm_D1.6mm_P1.90mm_Vertical</footprint>
      <datasheet>~</datasheet>
      <libsource lib="Device" part="R_Small" description="Resistor, small symbol"/>
      <sheetpath names="/" tstamps="/"/>
      <tstamp>60BC4590</tstamp>
    </comp>
  </components>
  <libparts>
    <libpart lib="2021-06-02_12-37-56" part="ADMP504ACEZ-RL">
      <footprints>
        <fp>CE-3-2_ADI</fp>
        <fp>CE-3-2_ADI-M</fp>
        <fp>CE-3-2_ADI-L</fp>
      </footprints>
      <fields>
        <field name="Reference">U</field>
        <field name="Value">ADMP504ACEZ-RL</field>
        <field name="Footprint">CE-3-2_ADI</field>
      </fields>
      <pins>
        <pin num="1" name="OUTPUT" type="unspc"/>
        <pin num="2" name="GND" type="unspc"/>
        <pin num="3" name="VDD" type="unspc"/>
        <pin num="4" name="N/A" type="unspc"/>
      </pins>
    </libpart>
    <libpart lib="2021-06-02_13-00-23" part="FDW2503NZ">
      <footprints>
        <fp>TSSOP8_4P5X3P1_ONS</fp>
        <fp>TSSOP8_4P5X3P1_ONS-M</fp>
        <fp>TSSOP8_4P5X3P1_ONS-L</fp>
      </footprints>
      <fields>
        <field name="Reference">U</field>
        <field name="Value">FDW2503NZ</field>
        <field name="Footprint">TSSOP8_4P5X3P1_ONS</field>
      </fields>
      <pins>
        <pin num="1" name="G2" type="unspc"/>
        <pin num="2" name="S2" type="unspc"/>
        <pin num="3" name="S2" type="unspc"/>
        <pin num="4" name="D2" type="output"/>
        <pin num="5" name="D1" type="output"/>
        <pin num="6" name="S1" type="unspc"/>
        <pin num="7" name="S1" type="unspc"/>
        <pin num="8" name="G1" type="unspc"/>
      </pins>
    </libpart>
    <libpart lib="2021-06-02_13-25-42" part="LMK107BBJ226MA-T">
      <footprints>
        <fp>LMK107_TAY</fp>
        <fp>LMK107_TAY-M</fp>
        <fp>LMK107_TAY-L</fp>
      </footprints>
      <fields>
        <field name="Reference">C</field>
        <field name="Value">LMK107BBJ226MA-T</field>
        <field name="Footprint">LMK107_TAY</field>
      </fields>
      <pins>
        <pin num="1" name="1" type="unspc"/>
        <pin num="2" name="2" type="unspc"/>
      </pins>
    </libpart>
    <libpart lib="2021-06-02_13-47-42" part="B82464A4474K000">
      <footprints>
        <fp>IND_EPCOS_B82464A4_EPC</fp>
      </footprints>
      <fields>
        <field name="Reference">L</field>
        <field name="Value">B82464A4474K000</field>
        <field name="Footprint">IND_EPCOS_B82464A4_EPC</field>
      </fields>
      <pins>
        <pin num="1" name="1" type="unspc"/>
        <pin num="2" name="2" type="unspc"/>
      </pins>
    </libpart>
    <libpart lib="Analog_ADC" part="ADS7866">
      <aliases>
        <alias>ADS7867</alias>
        <alias>ADS7868</alias>
      </aliases>
      <description>Single Channel 12-bit ADC,  100-200ksps, SPI, micro-power, SOT-23-6</description>
      <docs>http://www.ti.com/lit/ds/symlink/ads7866.pdf</docs>
      <footprints>
        <fp>*SOT?23?6*</fp>
      </footprints>
      <fields>
        <field name="Reference">U</field>
        <field name="Value">ADS7866</field>
        <field name="Footprint">Package_TO_SOT_SMD:TSOT-23-6</field>
      </fields>
      <pins>
        <pin num="1" name="VDD" type="power_in"/>
        <pin num="2" name="GND" type="power_in"/>
        <pin num="3" name="AIN" type="input"/>
        <pin num="4" name="SCLK" type="input"/>
        <pin num="5" name="SDO" type="3state"/>
        <pin num="6" name="~CS" type="input"/>
      </pins>
    </libpart>
    <libpart lib="Device" part="Buzzer">
      <description>Buzzer, polarized</description>
      <docs>~</docs>
      <footprints>
        <fp>*Buzzer*</fp>
      </footprints>
      <fields>
        <field name="Reference">BZ</field>
        <field name="Value">Buzzer</field>
      </fields>
      <pins>
        <pin num="1" name="-" type="passive"/>
        <pin num="2" name="+" type="passive"/>
      </pins>
    </libpart>
    <libpart lib="Device" part="LED">
      <description>Light emitting diode</description>
      <docs>~</docs>
      <footprints>
        <fp>LED*</fp>
        <fp>LED_SMD:*</fp>
        <fp>LED_THT:*</fp>
      </footprints>
      <fields>
        <field name="Reference">D</field>
        <field name="Value">LED</field>
      </fields>
      <pins>
        <pin num="1" name="K" type="passive"/>
        <pin num="2" name="A" type="passive"/>
      </pins>
    </libpart>
    <libpart lib="Device" part="R">
      <description>Resistor</description>
      <docs>~</docs>
      <footprints>
        <fp>R_*</fp>
      </footprints>
      <fields>
        <field name="Reference">R</field>
        <field name="Value">R</field>
      </fields>
      <pins>
        <pin num="1" name="~" type="passive"/>
        <pin num="2" name="~" type="passive"/>
      </pins>
    </libpart>
    <libpart lib="Device" part="R_POT">
      <description>Potentiometer</description>
      <docs>~</docs>
      <footprints>
        <fp>Potentiometer*</fp>
      </footprints>
      <fields>
        <field name="Reference">RV</field>
        <field name="Value">R_POT</field>
      </fields>
      <pins>
        <pin num="1" name="1" type="passive"/>
        <pin num="2" name="2" type="passive"/>
        <pin num="3" name="3" type="passive"/>
      </pins>
    </libpart>
    <libpart lib="Device" part="R_Small">
      <description>Resistor, small symbol</description>
      <docs>~</docs>
      <footprints>
        <fp>R_*</fp>
      </footprints>
      <fields>
        <field name="Reference">R</field>
        <field name="Value">R_Small</field>
      </fields>
      <pins>
        <pin num="1" name="~" type="passive"/>
        <pin num="2" name="~" type="passive"/>
      </pins>
    </libpart>
    <libpart lib="Diode" part="1N4148">
      <aliases>
        <alias>1N4448</alias>
        <alias>1N4149</alias>
        <alias>1N4151</alias>
        <alias>1N914</alias>
        <alias>BA243</alias>
        <alias>BA244</alias>
        <alias>BA282</alias>
        <alias>BA283</alias>
        <alias>BAV17</alias>
        <alias>BAV18</alias>
        <alias>BAV19</alias>
        <alias>BAV20</alias>
        <alias>BAV21</alias>
        <alias>BAW75</alias>
        <alias>BAW76</alias>
        <alias>BAY93</alias>
      </aliases>
      <description>100V 0.15A standard switching diode, DO-35</description>
      <docs>https://assets.nexperia.com/documents/data-sheet/1N4148_1N4448.pdf</docs>
      <footprints>
        <fp>D*DO?35*</fp>
      </footprints>
      <fields>
        <field name="Reference">D</field>
        <field name="Value">1N4148</field>
        <field name="Footprint">Diode_THT:D_DO-35_SOD27_P7.62mm_Horizontal</field>
      </fields>
      <pins>
        <pin num="1" name="K" type="passive"/>
        <pin num="2" name="A" type="passive"/>
      </pins>
    </libpart>
    <libpart lib="LM324N" part="LM324N">
      <footprints>
        <fp>N14</fp>
      </footprints>
      <fields>
        <field name="Reference">U</field>
        <field name="Value">LM324N</field>
        <field name="Footprint">N14</field>
      </fields>
      <pins>
        <pin num="1" name="1OUT" type="output"/>
        <pin num="2" name="1IN-" type="input"/>
        <pin num="3" name="1IN+" type="input"/>
        <pin num="4" name="VCC" type="power_in"/>
        <pin num="5" name="2IN+" type="input"/>
        <pin num="6" name="2IN-" type="input"/>
        <pin num="7" name="2OUT" type="output"/>
        <pin num="8" name="3OUT" type="output"/>
        <pin num="9" name="3IN-" type="input"/>
        <pin num="10" name="3IN+" type="input"/>
        <pin num="11" name="GND" type="power_in"/>
        <pin num="12" name="4IN+" type="input"/>
        <pin num="13" name="4IN-" type="input"/>
        <pin num="14" name="4OUT" type="output"/>
      </pins>
    </libpart>
    <libpart lib="RPi_Zero_pHat_Template-cache1" part="Connector-ML_RPi_GPIO">
      <fields>
        <field name="Reference">J</field>
        <field name="Value">Connector-ML_RPi_GPIO</field>
      </fields>
      <pins>
        <pin num="1" name="3.3V" type="power_in"/>
        <pin num="2" name="5V" type="power_in"/>
        <pin num="3" name="GPIO02_SDA1_I2C" type="BiDi"/>
        <pin num="4" name="5V" type="power_in"/>
        <pin num="5" name="GPIO03_SCL1_I2C" type="BiDi"/>
        <pin num="6" name="GND" type="power_in"/>
        <pin num="7" name="GPIO04_GCLK" type="BiDi"/>
        <pin num="8" name="GPIO14_TXD0" type="BiDi"/>
        <pin num="9" name="GND" type="power_in"/>
        <pin num="10" name="GPIO15_RXD0" type="BiDi"/>
        <pin num="11" name="GPIO17" type="BiDi"/>
        <pin num="12" name="GPIO18" type="BiDi"/>
        <pin num="13" name="GPIO27" type="BiDi"/>
        <pin num="14" name="GND" type="power_in"/>
        <pin num="15" name="GPIO22" type="BiDi"/>
        <pin num="16" name="GPIO23" type="BiDi"/>
        <pin num="17" name="3.3V" type="power_in"/>
        <pin num="18" name="GPIO24" type="BiDi"/>
        <pin num="19" name="GPIO10_SPI_MOSI" type="BiDi"/>
        <pin num="20" name="GND" type="power_in"/>
        <pin num="21" name="GPIO09_SPI_MISO" type="BiDi"/>
        <pin num="22" name="GPIO25" type="BiDi"/>
        <pin num="23" name="GPIO11_SPI_CLK" type="BiDi"/>
        <pin num="24" name="GPIO08_SPI_CE0_N" type="BiDi"/>
        <pin num="25" name="GND" type="power_in"/>
        <pin num="26" name="GPIO07_SPI_CE1_N" type="BiDi"/>
        <pin num="27" name="ID_SD" type="BiDi"/>
        <pin num="28" name="ID_SC" type="BiDi"/>
        <pin num="29" name="GPIO05" type="BiDi"/>
        <pin num="30" name="GND" type="power_in"/>
        <pin num="31" name="GPIO06" type="BiDi"/>
        <pin num="32" name="GPIO12" type="BiDi"/>
        <pin num="33" name="GPIO13" type="BiDi"/>
        <pin num="34" name="GND" type="power_in"/>
        <pin num="35" name="GPIO19" type="BiDi"/>
        <pin num="36" name="GPIO16" type="BiDi"/>
        <pin num="37" name="GPIO26" type="BiDi"/>
        <pin num="38" name="GPIO20" type="BiDi"/>
        <pin num="39" name="GND" type="power_in"/>
        <pin num="40" name="GPIO21" type="BiDi"/>
      </pins>
    </libpart>
    <libpart lib="Switch" part="SW_Push">
      <description>Push button switch, generic, two pins</description>
      <docs>~</docs>
      <fields>
        <field name="Reference">SW</field>
        <field name="Value">SW_Push</field>
      </fields>
      <pins>
        <pin num="1" name="1" type="passive"/>
        <pin num="2" name="2" type="passive"/>
      </pins>
    </libpart>
  </libparts>
  <libraries>
    <library logical="2021-06-02_12-37-56">
      <uri>F:\EEE3088F\IA2/Schematics/2021-06-02_12-37-56.lib</uri>
    </library>
    <library logical="2021-06-02_13-00-23">
      <uri>F:\EEE3088F\IA2/Schematics/2021-06-02_13-00-23.lib</uri>
    </library>
    <library logical="2021-06-02_13-25-42">
      <uri>F:\EEE3088F\IA2/Schematics/2021-06-02_13-25-42.lib</uri>
    </library>
    <library logical="2021-06-02_13-47-42">
      <uri>F:\EEE3088F\IA2/Schematics/2021-06-02_13-47-42.lib</uri>
    </library>
    <library logical="Analog_ADC">
      <uri>C:\Program Files\KiCad\share\kicad\library/Analog_ADC.lib</uri>
    </library>
    <library logical="Device">
      <uri>C:\Program Files\KiCad\share\kicad\library/Device.lib</uri>
    </library>
    <library logical="Diode">
      <uri>C:\Program Files\KiCad\share\kicad\library/Diode.lib</uri>
    </library>
    <library logical="LM324N">
      <uri>F:\EEE3088F\IA2/ul_LM324N/KiCAD/2021-06-02_12-15-19/LM324N.lib</uri>
    </library>
    <library logical="RPi_Zero_pHat_Template-cache1">
      <uri>F:\EEE3088F\IA2/PI_zero/rPihat/RPi_Zero_pHat_Template-cache1.lib</uri>
    </library>
    <library logical="Switch">
      <uri>C:\Program Files\KiCad\share\kicad\library/Switch.lib</uri>
    </library>
  </libraries>
  <nets>
    <net code="1" name="Net-(J1-Pad10)">
      <node ref="J1" pin="10"/>
    </net>
    <net code="2" name="GND">
      <node ref="U2" pin="2"/>
      <node ref="C1" pin="2"/>
      <node ref="U4" pin="2"/>
      <node ref="R9" pin="2"/>
      <node ref="U1" pin="11"/>
      <node ref="RV1" pin="2"/>
      <node ref="BZ1" pin="2"/>
      <node ref="D1" pin="1"/>
      <node ref="SW2" pin="2"/>
      <node ref="D2" pin="1"/>
      <node ref="D3" pin="1"/>
      <node ref="SW4" pin="1"/>
      <node ref="J1" pin="9"/>
      <node ref="J1" pin="6"/>
      <node ref="J1" pin="39"/>
      <node ref="D4" pin="2"/>
      <node ref="R17" pin="2"/>
      <node ref="SW3" pin="1"/>
      <node ref="SW1" pin="2"/>
      <node ref="SW5" pin="1"/>
      <node ref="SW6" pin="1"/>
      <node ref="J1" pin="20"/>
      <node ref="J1" pin="14"/>
    </net>
    <net code="3" name="Net-(J1-Pad8)">
      <node ref="J1" pin="8"/>
    </net>
    <net code="4" name="Net-(J1-Pad26)">
      <node ref="J1" pin="26"/>
    </net>
    <net code="5" name="Net-(J1-Pad28)">
      <node ref="J1" pin="28"/>
    </net>
    <net code="6" name="Net-(J1-Pad30)">
      <node ref="J1" pin="30"/>
    </net>
    <net code="7" name="Net-(J1-Pad34)">
      <node ref="J1" pin="34"/>
    </net>
    <net code="8" name="Net-(J1-Pad36)">
      <node ref="J1" pin="36"/>
    </net>
    <net code="9" name="Net-(J1-Pad38)">
      <node ref="J1" pin="38"/>
    </net>
    <net code="10" name="Net-(J1-Pad27)">
      <node ref="J1" pin="27"/>
    </net>
    <net code="11" name="Net-(J1-Pad37)">
      <node ref="J1" pin="37"/>
    </net>
    <net code="12" name="Net-(J1-Pad35)">
      <node ref="J1" pin="35"/>
    </net>
    <net code="13" name="Net-(J1-Pad33)">
      <node ref="J1" pin="33"/>
    </net>
    <net code="14" name="PWM">
      <node ref="R16" pin="2"/>
      <node ref="J1" pin="32"/>
    </net>
    <net code="15" name="Net-(J1-Pad31)">
      <node ref="J1" pin="31"/>
    </net>
    <net code="16" name="Net-(J1-Pad3)">
      <node ref="J1" pin="3"/>
      <node ref="SW5" pin="2"/>
      <node ref="R10" pin="2"/>
    </net>
    <net code="17" name="Net-(J1-Pad29)">
      <node ref="J1" pin="29"/>
    </net>
    <net code="18" name="Net-(J1-Pad40)">
      <node ref="J1" pin="40"/>
    </net>
    <net code="19" name="Net-(J1-Pad25)">
      <node ref="J1" pin="25"/>
    </net>
    <net code="20" name="Net-(J1-Pad23)">
      <node ref="U2" pin="4"/>
      <node ref="J1" pin="23"/>
    </net>
    <net code="21" name="Net-(BZ1-Pad1)">
      <node ref="J1" pin="22"/>
      <node ref="BZ1" pin="1"/>
    </net>
    <net code="22" name="Net-(J1-Pad21)">
      <node ref="J1" pin="21"/>
      <node ref="U2" pin="5"/>
    </net>
    <net code="23" name="Net-(J1-Pad19)">
      <node ref="J1" pin="19"/>
    </net>
    <net code="24" name="5V">
      <node ref="J1" pin="2"/>
      <node ref="U3" pin="5"/>
    </net>
    <net code="25" name="Net-(J1-Pad24)">
      <node ref="U2" pin="6"/>
      <node ref="J1" pin="24"/>
    </net>
    <net code="26" name="3V3">
      <node ref="R10" pin="1"/>
      <node ref="R3" pin="1"/>
      <node ref="U1" pin="4"/>
      <node ref="J1" pin="1"/>
      <node ref="R7" pin="1"/>
    </net>
    <net code="27" name="Net-(J1-Pad4)">
      <node ref="J1" pin="4"/>
    </net>
    <net code="28" name="Net-(R1-Pad2)">
      <node ref="U1" pin="1"/>
      <node ref="R5" pin="1"/>
      <node ref="R1" pin="2"/>
    </net>
    <net code="29" name="Net-(U4-Pad4)">
      <node ref="U4" pin="4"/>
    </net>
    <net code="30" name="Net-(U3-Pad1)">
      <node ref="U3" pin="1"/>
    </net>
    <net code="31" name="Net-(U3-Pad2)">
      <node ref="U3" pin="2"/>
    </net>
    <net code="32" name="Net-(U3-Pad3)">
      <node ref="U3" pin="3"/>
    </net>
    <net code="33" name="Net-(U3-Pad4)">
      <node ref="U3" pin="4"/>
    </net>
    <net code="34" name="Net-(U3-Pad6)">
      <node ref="U3" pin="6"/>
    </net>
    <net code="36" name="2V">
      <node ref="U1" pin="5"/>
      <node ref="L1" pin="1"/>
      <node ref="U4" pin="3"/>
      <node ref="C1" pin="1"/>
      <node ref="R17" pin="1"/>
    </net>
    <net code="37" name="Vmic">
      <node ref="U1" pin="3"/>
      <node ref="U4" pin="1"/>
    </net>
    <net code="38" name="Net-(D4-Pad1)">
      <node ref="L1" pin="2"/>
      <node ref="U3" pin="7"/>
      <node ref="D4" pin="1"/>
    </net>
    <net code="39" name="Net-(R16-Pad1)">
      <node ref="U3" pin="8"/>
      <node ref="R16" pin="1"/>
    </net>
    <net code="40" name="Net-(R6-Pad2)">
      <node ref="R9" pin="1"/>
      <node ref="U1" pin="10"/>
      <node ref="R6" pin="2"/>
    </net>
    <net code="41" name="Net-(R12-Pad2)">
      <node ref="R12" pin="2"/>
      <node ref="U1" pin="8"/>
    </net>
    <net code="42" name="Net-(U1-Pad12)">
      <node ref="U1" pin="12"/>
    </net>
    <net code="43" name="Net-(U1-Pad13)">
      <node ref="U1" pin="13"/>
    </net>
    <net code="44" name="Net-(U1-Pad14)">
      <node ref="U1" pin="14"/>
    </net>
    <net code="45" name="Net-(J1-Pad18)">
      <node ref="J1" pin="18"/>
      <node ref="R15" pin="2"/>
    </net>
    <net code="46" name="Net-(D3-Pad2)">
      <node ref="R15" pin="1"/>
      <node ref="D3" pin="2"/>
    </net>
    <net code="47" name="Net-(J1-Pad16)">
      <node ref="J1" pin="16"/>
      <node ref="R14" pin="2"/>
    </net>
    <net code="48" name="Net-(J1-Pad12)">
      <node ref="R13" pin="2"/>
      <node ref="J1" pin="12"/>
    </net>
    <net code="49" name="Net-(D2-Pad2)">
      <node ref="R14" pin="1"/>
      <node ref="D2" pin="2"/>
    </net>
    <net code="50" name="Net-(D1-Pad2)">
      <node ref="R13" pin="1"/>
      <node ref="D1" pin="2"/>
    </net>
    <net code="51" name="Net-(R2-Pad2)">
      <node ref="U1" pin="6"/>
      <node ref="R2" pin="2"/>
      <node ref="RV1" pin="1"/>
    </net>
    <net code="52" name="Net-(R2-Pad1)">
      <node ref="R2" pin="1"/>
      <node ref="U1" pin="7"/>
      <node ref="R6" pin="1"/>
    </net>
    <net code="53" name="Net-(J1-Pad13)">
      <node ref="J1" pin="13"/>
      <node ref="R8" pin="2"/>
      <node ref="SW4" pin="2"/>
    </net>
    <net code="54" name="Net-(R1-Pad1)">
      <node ref="R1" pin="1"/>
      <node ref="RV1" pin="3"/>
      <node ref="U1" pin="2"/>
    </net>
    <net code="55" name="Net-(J1-Pad7)">
      <node ref="J1" pin="7"/>
      <node ref="SW1" pin="1"/>
      <node ref="R3" pin="2"/>
    </net>
    <net code="56" name="Net-(J1-Pad5)">
      <node ref="SW3" pin="2"/>
      <node ref="R7" pin="2"/>
      <node ref="J1" pin="5"/>
    </net>
    <net code="57" name="ACin">
      <node ref="U2" pin="3"/>
      <node ref="R5" pin="2"/>
      <node ref="R12" pin="1"/>
      <node ref="U1" pin="9"/>
    </net>
    <net code="58" name="Net-(J1-Pad15)">
      <node ref="R11" pin="2"/>
      <node ref="SW6" pin="2"/>
      <node ref="J1" pin="15"/>
    </net>
    <net code="59" name="Net-(J1-Pad11)">
      <node ref="R4" pin="2"/>
      <node ref="J1" pin="11"/>
      <node ref="SW2" pin="1"/>
    </net>
    <net code="60" name="Net-(J1-Pad17)">
      <node ref="J1" pin="17"/>
      <node ref="R11" pin="1"/>
      <node ref="R4" pin="1"/>
      <node ref="R8" pin="1"/>
      <node ref="U2" pin="1"/>
    </net>
  </nets>
</export>
